Назва області;Назва району;Назва населеного пункту (повна);Поштовий індекс населеного пункту;Назва вулиці;Номер будинку;Назва відділення зв'язку;Поштовий індекс в_дд_лення зв'язку (ВПЗ);Region (Oblast);Distinct (Rayon);Locality;Postindex Locality;Street;House_numbers;Post office;Postindex VPZ
Вінницька;;Вінниця;21001;вулиця Богдана Хмельницького;5,9,10,11,13,14,15,16,20,22,23,24,28,32,34,38,40,42,44,46,48,54;Вінниця 1;21001;Vinnytska;;Vinnytsia;21001;street Bohdana Khmelnytskoho;5,9,10,11,13,14,15,16,20,22,23,24,28,32,34,38,40,42,44,46,48,54;VINNYTSIA 1;21001
Вінницька;;Вінниця;21001;вулиця Брацлавська;16,20,1,2,6,8,10,12,13,14,15,15А,17,21,22,26,27,27А,28,29,31,34,36,39,51,57,59,61,75,79,81,85,89,99;Вінниця 1;21001;Vinnytska;;Vinnytsia;21001;street Bratslavska;16,20,1,2,6,8,10,12,13,14,15,15A,17,21,22,26,27,27A,28,29,31,34,36,39,51,57,59,61,75,79,81,85,89,99;VINNYTSIA 1;21001
Вінницька;;Вінниця;21001;вулиця Брацлавська;70,72,109,113,115,121,125А,127,131;Вінниця 1;21001;Vinnytska;;Vinnytsia;21001;street Bratslavska;70,72,109,113,115,121,125A,127,131;VINNYTSIA 1;21001
Вінницька;;Вінниця;21001;вулиця Верхарна;3,4,5,6,7,8,9,10,11,12,13,14,15,16,17,18,19,20,21,22,23,24,25,26,27,28,29,30,11,15,19,23,25,29,31,37,49,54,58,66,57,65,70;Вінниця 1;21001;Vinnytska;;Vinnytsia;21001;street Verkharna;3,4,5,6,7,8,9,10,11,12,13,14,15,16,17,18,19,20,21,22,23,24,25,26,27,28,29,30,11,15,19,23,25,29,31,37,49,54,58,66,57,65,70;VINNYTSIA 1;21001
Вінницька;;Вінниця;21001;вулиця Володимира Антоновича;1,2,3,4,5,6,7,8,9,10,11,12,13,14,16,18,20,22,24,17,19,21,27,28,29,30,31,32,33,34,35,36,37,39,46,50;Вінниця 1;21001;Vinnytska;;Vinnytsia;21001;street Volodymyra Antonovycha;1,2,3,4,5,6,7,8,9,10,11,12,13,14,16,18,20,22,24,17,19,21,27,28,29,30,31,32,33,34,35,36,37,39,46,50;VINNYTSIA 1;21001
Вінницька;;Вінниця;21001;вулиця Героїв Крут;1,2,3,4,5,6,7,8,9,11,13,16,18,20,21,22,23,24,26,28,30,32;Вінниця 1;21001;Vinnytska;;Vinnytsia;21001;street Heroiv Krut;1,2,3,4,5,6,7,8,9,11,13,16,18,20,21,22,23,24,26,28,30,32;VINNYTSIA 1;21001
Вінницька;;Вінниця;21001;вулиця Глеба Успенського;4,6,8,13,16;Вінниця 1;21001;Vinnytska;;Vinnytsia;21001;street Hleba Uspenskoho;4,6,8,13,16;VINNYTSIA 1;21001
Вінницька;;Вінниця;21001;вулиця Данила Нечая;7,10,25,26,27,32;Вінниця 1;21001;Vinnytska;;Vinnytsia;21001;street Danyla Nechaia;7,10,25,26,27,32;VINNYTSIA 1;21001
Вінницька;;Вінниця;21001;вулиця Євгенія Пікуса;1,3,12,28,28А,30,32,34;Вінниця 1;21001;Vinnytska;;Vinnytsia;21001;street Yevheniia Pikusa;1,3,12,28,28A,30,32,34;VINNYTSIA 1;21001
Вінницька;;Вінниця;21001;вулиця Замостянська;13,15,17,19,21,25,27,30,31,33,34,36,35,37,39,41,43,38,42,44,46,51;Вінниця 1;21001;Vinnytska;;Vinnytsia;21001;street Zamostianska;13,15,17,19,21,25,27,30,31,33,34,36,35,37,39,41,43,38,42,44,46,51;VINNYTSIA 1;21001
Вінницька;;Вінниця;21001;вулиця Кармелюка;2,3,4,7,8,9,10,14,16,21,23,24,27,33,39,49,51,63,67,71,75,77,87;Вінниця 1;21001;Vinnytska;;Vinnytsia;21001;street Karmeliuka;2,3,4,7,8,9,10,14,16,21,23,24,27,33,39,49,51,63,67,71,75,77,87;VINNYTSIA 1;21001
Вінницька;;Вінниця;21001;вулиця Короленка;1,5,7,8,11,13,15,16,23,25,26,25,28,30,31,32,34,35,40,43,51;Вінниця 1;21001;Vinnytska;;Vinnytsia;21001;street Korolenka;1,5,7,8,11,13,15,16,23,25,26,25,28,30,31,32,34,35,40,43,51;VINNYTSIA 1;21001
Вінницька;;Вінниця;21001;вулиця Короленко;33;Вінниця 1;21001;Vinnytska;;Vinnytsia;21001;street Korolenko;33;VINNYTSIA 1;21001
Вінницька;;Вінниця;21001;вулиця Нансена;4,6;Вінниця 1;21001;Vinnytska;;Vinnytsia;21001;street Nansena;4,6;VINNYTSIA 1;21001
Вінницька;;Вінниця;21001;вулиця Некрасова;26,27,28,29,30,31,35,37,39,32,34,36,38,42,43,44,48,49,53,55,57,58,64,66,67,71,75,77,79,81,87,93,72,97,99,109,111,113,115,119,121,127;Вінниця 1;21001;Vinnytska;;Vinnytsia;21001;street Nekrasova;26,27,28,29,30,31,35,37,39,32,34,36,38,42,43,44,48,49,53,55,57,58,64,66,67,71,75,77,79,81,87,93,72,97,99,109,111,113,115,119,121,127;VINNYTSIA 1;21001
Вінницька;;Вінниця;21001;вулиця Олександра Довженка;19,20,21,22,23,24,26,28,31,33,35,34,36,39,41,45,2,38,40,57,73,73А,75,77,79,81,83,85,88,91,93,95,97,103,115,123,143;Вінниця 1;21001;Vinnytska;;Vinnytsia;21001;street Oleksandra Dovzhenka;19,20,21,22,23,24,26,28,31,33,35,34,36,39,41,45,2,38,40,57,73,73A,75,77,79,81,83,85,88,91,93,95,97,103,115,123,143;VINNYTSIA 1;21001
Вінницька;;Вінниця;21001;вулиця Острожського;2,3,4,5,6,7,8,9,10,11,12,13,15,17,19,25,29,31,32,33,39,23;Вінниця 1;21001;Vinnytska;;Vinnytsia;21001;street Ostrozhskoho;2,3,4,5,6,7,8,9,10,11,12,13,15,17,19,25,29,31,32,33,39,23;VINNYTSIA 1;21001
Вінницька;;Вінниця;21001;вулиця Привокзальна;2/1,3Б,11,20,21,22,28,34,38,40,42,44,46;Вінниця 1;21001;Vinnytska;;Vinnytsia;21001;street Pryvokzalna;2/1,3B,11,20,21,22,28,34,38,40,42,44,46;VINNYTSIA 1;21001
Вінницька;;Вінниця;21001;вулиця Стеценка;3,5,7,9,11,13,15,17,19,23,25,27;Вінниця 1;21001;Vinnytska;;Vinnytsia;21001;street Stetsenka;3,5,7,9,11,13,15,17,19,23,25,27;VINNYTSIA 1;21001
Вінницька;;Вінниця;21001;вулиця Тімірязєва;17,19,21,23,24,25,26,27,28,29,31,32,33,34,36,38,40,42,44,29,32,38,48,54,55,56,66,74,84;Вінниця 1;21001;Vinnytska;;Vinnytsia;21001;street Timiriazieva;17,19,21,23,24,25,26,27,28,29,31,32,33,34,36,38,40,42,44,29,32,38,48,54,55,56,66,74,84;VINNYTSIA 1;21001
Вінницька;;Вінниця;21001;вулиця Шмідта;1А,8,9,10,12,13,14,15,17,18,22,25,31,33,39,41,49,55,59,32,34,36,65,69;Вінниця 1;21001;Vinnytska;;Vinnytsia;21001;street Shmidta;1A,8,9,10,12,13,14,15,17,18,22,25,31,33,39,41,49,55,59,32,34,36,65,69;VINNYTSIA 1;21001
Вінницька;;Вінниця;21001;площа Героїв Чорнобиля;1;Вінниця 1;21001;Vinnytska;;Vinnytsia;21001;square Heroiv Chornobylia;1;VINNYTSIA 1;21001
Вінницька;;Вінниця;21001;площа Привокзальна;1,2;Вінниця 1;21001;Vinnytska;;Vinnytsia;21001;square Pryvokzalna;1,2;VINNYTSIA 1;21001
Вінницька;;Вінниця;21001;провулок 2-й 50 років Перемоги;1,2,3,4,5,6,7,8,9,10,11,12,13,14,15,16,17;Вінниця 1;21001;Vinnytska;;Vinnytsia;21001;lane 2-i 50 rokiv Peremohy;1,2,3,4,5,6,7,8,9,10,11,12,13,14,15,16,17;VINNYTSIA 1;21001
Вінницька;;Вінниця;21001;провулок Брацлавський;3,16,17,20А,21,23,25,29,33;Вінниця 1;21001;Vinnytska;;Vinnytsia;21001;lane Bratslavskyi;3,16,17,20A,21,23,25,29,33;VINNYTSIA 1;21001
Вінницька;;Вінниця;21001;проспект Коцюбинського;34,36,38,48,50,52,54,4,5,6,8,9,11,14,16,18,20,22,24,26,28,19,23,25,27,29,31,33,35,37,41,45,49,51,53,13,30,32;Вінниця 1;21001;Vinnytska;;Vinnytsia;21001;avenue Kotsiubynskoho;34,36,38,48,50,52,54,4,5,6,8,9,11,14,16,18,20,22,24,26,28,19,23,25,27,29,31,33,35,37,41,45,49,51,53,13,30,32;VINNYTSIA 1;21001
Вінницька;;Вінниця;21001;тупік Брацлавський;3,5,9;Вінниця 1;21001;Vinnytska;;Vinnytsia;21001;cul-de-sac Bratslavskyi;3,5,9;VINNYTSIA 1;21001
Вінницька;;Вінниця;21003;вулиця 1905 року;2,3,4,5,6,7,8А,8Б,9,10,11,12,13,14,15,15А,16,17,18,19,20,21,22,23,24,25,26,28,29,30,31,32,33,34,35,36,37,38,40,41,42,43,44,45,46,47,48,49,50,51,53,55,57,59,61,63,65;Вінниця 3;21003;Vinnytska;;Vinnytsia;21003;street 1905 roku;2,3,4,5,6,7,8A,8B,9,10,11,12,13,14,15,15A,16,17,18,19,20,21,22,23,24,25,26,28,29,30,31,32,33,34,35,36,37,38,40,41,42,43,44,45,46,47,48,49,50,51,53,55,57,59,61,63,65;VINNYTSIA 3;21003
Вінницька;;Вінниця;21003;вулиця 8-БЕРЕЗНЯ;3,4,4А,5,5А,6,6А,7,7А,8,9,10,12,12А,13,15,16,17,18,19,20,21,22,23,24,24А,26,28,28А,30,30А,32;Вінниця 3;21003;Vinnytska;;Vinnytsia;21003;street 8-BEREZNYa;3,4,4A,5,5A,6,6A,7,7A,8,9,10,12,12A,13,15,16,17,18,19,20,21,22,23,24,24A,26,28,28A,30,30A,32;VINNYTSIA 3;21003
Вінницька;;Вінниця;21003;вулиця Валеріана Боржковського;3,4,5,6,7,8,9,10,11,12,12/2,13,13/2,14,15,15/2,16,18,20,20/2,22,22/2,24,26,26/2,28,30,30/2,30/3,32;Вінниця 3;21003;Vinnytska;;Vinnytsia;21003;street Valeriana Borzhkovskoho;3,4,5,6,7,8,9,10,11,12,12/2,13,13/2,14,15,15/2,16,18,20,20/2,22,22/2,24,26,26/2,28,30,30/2,30/3,32;VINNYTSIA 3;21003
Вінницька;;Вінниця;21003;вулиця Гастелло;3,4,5,6,7,8,8/2,9,10,11,11/2,12,13,14;Вінниця 3;21003;Vinnytska;;Vinnytsia;21003;street Hastello;3,4,5,6,7,8,8/2,9,10,11,11/2,12,13,14;VINNYTSIA 3;21003
Вінницька;;Вінниця;21003;вулиця Дмитра Марковича;1,3,3/2,4,5,6,7,8,9,9/2,10,10/2,10/3,10/4,11,12,12/2,13,13А,14,14/2,15,16,17,18,20,21,22,22/2,23,24,24/2,25,26,26/2,27,28,28/2,29,30,31,32,32/2,33,34,35,35/2,37,38,38/2,39,40,41,41/2,45,47,49,51,53,53/2,55,57,57/2,59,59/2,61,61/2,63,65,67,67/2,42,44,44/1,46,50,52,54,81,69,69/2,69/3,71,71/2,73,75,77,79;Вінниця 3;21003;Vinnytska;;Vinnytsia;21003;street Dmytra Markovycha;1,3,3/2,4,5,6,7,8,9,9/2,10,10/2,10/3,10/4,11,12,12/2,13,13A,14,14/2,15,16,17,18,20,21,22,22/2,23,24,24/2,25,26,26/2,27,28,28/2,29,30,31,32,32/2,33,34,35,35/2,37,38,38/2,39,40,41,41/2,45,47,49,51,53,53/2,55,57,57/2,59,59/2,61,61/2,63,65,67,67/2,42,44,44/1,46,50,52,54,81,69,69/2,69/3,71,71/2,73,75,77,79;VINNYTSIA 3;21003
Вінницька;;Вінниця;21003;вулиця Замкова;1,3,4,5,5А,5/2,6,6/2,7,8,8/2,9,9/2,9/3,10,11,12,12/2,13,14,15,15/2,17,16,19,20,21,22,23,24,25,26,27,28,28/3,28/4,29,30,31,32,33,34,35,36,37,38,39,40,41,42,43,44,45,46,47,48,49,50,51,52,53,54,55,56,57,58,59,60,61,62,63,64,65,66,67,68,68/2,69,70,71,72,73,74,75,76,77,79,81,83,78,78/2,80,80/1,80/2,82,82/1,82/2,83,84,85/1,85/2,86,86/2,87,87/1,87/2,88,89,90,90/2,91,92/1,92/2,93,94,95,96,97,98,99,100/1,100/2,101,102,103,104,105,106,108,107,109,111,113,113/2,114,115,116,117,117/2,118,119,119/2,120,120/2,121,122,123,124/1,124/2,124/3,125,127,129,131,133,133/1,133/2;Вінниця 3;21003;Vinnytska;;Vinnytsia;21003;street Zamkova;1,3,4,5,5A,5/2,6,6/2,7,8,8/2,9,9/2,9/3,10,11,12,12/2,13,14,15,15/2,17,16,19,20,21,22,23,24,25,26,27,28,28/3,28/4,29,30,31,32,33,34,35,36,37,38,39,40,41,42,43,44,45,46,47,48,49,50,51,52,53,54,55,56,57,58,59,60,61,62,63,64,65,66,67,68,68/2,69,70,71,72,73,74,75,76,77,79,81,83,78,78/2,80,80/1,80/2,82,82/1,82/2,83,84,85/1,85/2,86,86/2,87,87/1,87/2,88,89,90,90/2,91,92/1,92/2,93,94,95,96,97,98,99,100/1,100/2,101,102,103,104,105,106,108,107,109,111,113,113/2,114,115,116,117,117/2,118,119,119/2,120,120/2,121,122,123,124/1,124/2,124/3,125,127,129,131,133,133/1,133/2;VINNYTSIA 3;21003
Вінницька;;Вінниця;21003;вулиця Івана Огієнка;3/1,3/2,4/1,4/2,4/3,5/1,5/2,6,7,7/2,8,9/1,9/2,9/3,9/4,10,11,12,13,14/1,14/2,14А,15,15/2,15/3,16,17/1,17/2,17/3,18,19,20,21,22/1,22/2,23,24,24/2,25,25А,25Б,26/1,26/2,27,28,29,30,31/1,31/2,32,33/1,33/2,34,34/2,34/3,35/1,35/2,36,37/1,37/2,38,39,40,41,42/1,42/2,44/1,44/2,46А,46/1,46/2,48,50/1,50/2;Вінниця 3;21003;Vinnytska;;Vinnytsia;21003;street Ivana Ohiienka;3/1,3/2,4/1,4/2,4/3,5/1,5/2,6,7,7/2,8,9/1,9/2,9/3,9/4,10,11,12,13,14/1,14/2,14A,15,15/2,15/3,16,17/1,17/2,17/3,18,19,20,21,22/1,22/2,23,24,24/2,25,25A,25B,26/1,26/2,27,28,29,30,31/1,31/2,32,33/1,33/2,34,34/2,34/3,35/1,35/2,36,37/1,37/2,38,39,40,41,42/1,42/2,44/1,44/2,46A,46/1,46/2,48,50/1,50/2;VINNYTSIA 3;21003
Вінницька;;Вінниця;21003;вулиця Крилова;3,4,5,6,7,8,9,10,11,11/1,11/2,12,14,16,28;Вінниця 3;21003;Vinnytska;;Vinnytsia;21003;street Krylova;3,4,5,6,7,8,9,10,11,11/1,11/2,12,14,16,28;VINNYTSIA 3;21003
Вінницька;;Вінниця;21003;вулиця Лютневої революції;2А,4,5,6,7,9,13А,17;Вінниця 3;21003;Vinnytska;;Vinnytsia;21003;street Lyutnevoi revoliutsii;2A,4,5,6,7,9,13A,17;VINNYTSIA 3;21003
Вінницька;;Вінниця;21003;вулиця Маяковського;28,29,31,33,35,35А,37,39,41,42,43,44,45,46,47,48,49,50,51,52,53,54,55,56,57,58,59,60,61,62,63,64,65,66,67,68,69,70,71,72,73,74,75,76,77,78,79,80,81,82,83,84,85,86,87,88,89,90,91,92,93,94,95,96,114,115,117,119,121,123,125,127,129,131,133,135,137,139,141,1,1/1,1/2,1/3,1/4,3,4,5,6,7,8,10,12,14,14/2,16,16/2,18,20,22,24,26,26А,26/2,26/3,9,11,13,15,17,19,21,28,30,32,34,34/1,36,36/1,38,40,40/1,97,98,99,100,101,102,103,104,105,106,107,108,109,110,111,112,113;Вінниця 3;21003;Vinnytska;;Vinnytsia;21003;street Maiakovskoho;28,29,31,33,35,35A,37,39,41,42,43,44,45,46,47,48,49,50,51,52,53,54,55,56,57,58,59,60,61,62,63,64,65,66,67,68,69,70,71,72,73,74,75,76,77,78,79,80,81,82,83,84,85,86,87,88,89,90,91,92,93,94,95,96,114,115,117,119,121,123,125,127,129,131,133,135,137,139,141,1,1/1,1/2,1/3,1/4,3,4,5,6,7,8,10,12,14,14/2,16,16/2,18,20,22,24,26,26A,26/2,26/3,9,11,13,15,17,19,21,28,30,32,34,34/1,36,36/1,38,40,40/1,97,98,99,100,101,102,103,104,105,106,107,108,109,110,111,112,113;VINNYTSIA 3;21003
Вінницька;;Вінниця;21003;вулиця Московська;24,26,26/2,28,30,30/1,30/2,32,34,36,36/2,43,43/2,45,47,49,49А,51,53,55,57,57/2,59,59/2,61,63,65,65/2,38,40,42,44,46,48,50,50А,52,54,56,58,58А,60,62,64,66,67,68,69,70,70А,71,72,73,74,75,76,77,77А,78,79,79А,80,80А,81,81А,82,83,83А,84,84А,85,85А,86,87,88,89,90,91,92,93,94,95,96,96А,99,101,103,105,105А,107,109,109А,113,113А,115,117,119,119А;Вінниця 3;21003;Vinnytska;;Vinnytsia;21003;street Moskovska;24,26,26/2,28,30,30/1,30/2,32,34,36,36/2,43,43/2,45,47,49,49A,51,53,55,57,57/2,59,59/2,61,63,65,65/2,38,40,42,44,46,48,50,50A,52,54,56,58,58A,60,62,64,66,67,68,69,70,70A,71,72,73,74,75,76,77,77A,78,79,79A,80,80A,81,81A,82,83,83A,84,84A,85,85A,86,87,88,89,90,91,92,93,94,95,96,96A,99,101,103,105,105A,107,109,109A,113,113A,115,117,119,119A;VINNYTSIA 3;21003
Вінницька;;Вінниця;21003;вулиця Натана Альтмана;1,1/2,1/3,3,3/2,3/3,3/4,3/5,4,4/2,4/3,5,5/2,6,7,7/2,7/3,8,9,10,11,11/2,12,12/2,13,13/2,14,15,16,17,18,19,20,20/2,20/3,21,22,24,25,26,26/1,27,28,29,29/2,30,31,32,33,35,37,39,39/2,39/3,39/4,41,43,45,47,49;Вінниця 3;21003;Vinnytska;;Vinnytsia;21003;street Natana Altmana;1,1/2,1/3,3,3/2,3/3,3/4,3/5,4,4/2,4/3,5,5/2,6,7,7/2,7/3,8,9,10,11,11/2,12,12/2,13,13/2,14,15,16,17,18,19,20,20/2,20/3,21,22,24,25,26,26/1,27,28,29,29/2,30,31,32,33,35,37,39,39/2,39/3,39/4,41,43,45,47,49;VINNYTSIA 3;21003
Вінницька;;Вінниця;21003;вулиця Северина Наливайка;1/1,1/2,1/3,1/4,2,2/2,2/3,3,4,4/2,5,6/1,6/2,6/3,7,7/2,7/3,8,9,10/1,10/2,10/3,10/4,10/5,10/6,10/7,10/8,10/9,10/10,10/11,10/12,10/13,10/14,10/15,10/16,11,11/2,11А,12,13,13/2,13/3,14,15,15/1,15/2,16,17,18,18/1,18/2,20,20/2,22,22/1,22/2,22/3,22/4,24,26,19,19А,19Б,23,25,25А,25Б,27,28,29,30,32,34,36;Вінниця 3;21003;Vinnytska;;Vinnytsia;21003;street Severyna Nalyvaika;1/1,1/2,1/3,1/4,2,2/2,2/3,3,4,4/2,5,6/1,6/2,6/3,7,7/2,7/3,8,9,10/1,10/2,10/3,10/4,10/5,10/6,10/7,10/8,10/9,10/10,10/11,10/12,10/13,10/14,10/15,10/16,11,11/2,11A,12,13,13/2,13/3,14,15,15/1,15/2,16,17,18,18/1,18/2,20,20/2,22,22/1,22/2,22/3,22/4,24,26,19,19A,19B,23,25,25A,25B,27,28,29,30,32,34,36;VINNYTSIA 3;21003
Вінницька;;Вінниця;21003;вулиця Стагородська;1,2,3,4,5,6,7,7А,7Б,8,9,10,10/2,12,14,16,18,20,20А,20/1,20/2,20/3,20/4,20/5,20/6;Вінниця 3;21003;Vinnytska;;Vinnytsia;21003;street Stahorodska;1,2,3,4,5,6,7,7A,7B,8,9,10,10/2,12,14,16,18,20,20A,20/1,20/2,20/3,20/4,20/5,20/6;VINNYTSIA 3;21003
Вінницька;;Вінниця;21003;вулиця Суворова;1,2,3,4,5,5/2,6,6/2,7,8,8/2,9,9/2,10,11,12,13,13/2,14,15,16,16/2,17,18,19,19/2,20,21,22,23,23/2,24,25,25/2,26,27,28,29,29/2,31,32;Вінниця 3;21003;Vinnytska;;Vinnytsia;21003;street Suvorova;1,2,3,4,5,5/2,6,6/2,7,8,8/2,9,9/2,10,11,12,13,13/2,14,15,16,16/2,17,18,19,19/2,20,21,22,23,23/2,24,25,25/2,26,27,28,29,29/2,31,32;VINNYTSIA 3;21003
Вінницька;;Вінниця;21003;вулиця Франка;2,3,4,4А,5,6,7,8,9,10,11,13,13А,14,15,16,17,17/1,18,19,20,21,22,23,24,24/1,24/2,25,26,26/1,26/2,27,28,29,30,31,31/1,32,33,34,35,36,37,38,38/1,39,40,40/1,42,44,46,48,50,50/2,52;Вінниця 3;21003;Vinnytska;;Vinnytsia;21003;street Franka;2,3,4,4A,5,6,7,8,9,10,11,13,13A,14,15,16,17,17/1,18,19,20,21,22,23,24,24/1,24/2,25,26,26/1,26/2,27,28,29,30,31,31/1,32,33,34,35,36,37,38,38/1,39,40,40/1,42,44,46,48,50,50/2,52;VINNYTSIA 3;21003
Вінницька;;Вінниця;21003;площа 8-БЕРЕЗНЯ;1,2,3,4,5,6,7,8,9,10,11,11А,12А,13,13А,14,15,15А,17,19,20,21,22,22А,23,24,25,26,28,28А,30;Вінниця 3;21003;Vinnytska;;Vinnytsia;21003;square 8-BEREZNYa;1,2,3,4,5,6,7,8,9,10,11,11A,12A,13,13A,14,15,15A,17,19,20,21,22,22A,23,24,25,26,28,28A,30;VINNYTSIA 3;21003
Вінницька;;Вінниця;21003;провулок 1905 року;2,3,4,5,6,7,8,9,10,11,12,14,15,16,17;Вінниця 3;21003;Vinnytska;;Vinnytsia;21003;lane 1905 roku;2,3,4,5,6,7,8,9,10,11,12,14,15,16,17;VINNYTSIA 3;21003
Вінницька;;Вінниця;21003;провулок 1-й Замковий;1,3,3/1,3/2,4,5,6,7,7/1,7/2,8,9,10,11,11/1,11/2,12,13,13/1,13/2,14,15,15/1,15/2,16,16/1,16/2,17,18,19,19/1,19/2,20,21,21/1,21/2,21/3,22,23,23а,24,24/2,25,25/1,25/2,31,33,35,37,37/1,37/2,39,41;Вінниця 3;21003;Vinnytska;;Vinnytsia;21003;lane 1-i Zamkovyi;1,3,3/1,3/2,4,5,6,7,7/1,7/2,8,9,10,11,11/1,11/2,12,13,13/1,13/2,14,15,15/1,15/2,16,16/1,16/2,17,18,19,19/1,19/2,20,21,21/1,21/2,21/3,22,23,23A,24,24/2,25,25/1,25/2,31,33,35,37,37/1,37/2,39,41;VINNYTSIA 3;21003
Вінницька;;Вінниця;21003;провулок 1-й Московський;3,4,6;Вінниця 3;21003;Vinnytska;;Vinnytsia;21003;lane 1-i Moskovskyi;3,4,6;VINNYTSIA 3;21003
Вінницька;;Вінниця;21003;провулок 1-й Северина Наливайка;1,3,3А,4,5,6,9,10,12,13,15,16,16А,18,19,20,21,22,23,24,25,25А,26,27,28,28А,29,29А,30,31,32,33,34,35,36,38,40,42,44;Вінниця 3;21003;Vinnytska;;Vinnytsia;21003;lane 1-i Severyna Nalyvaika;1,3,3A,4,5,6,9,10,12,13,15,16,16A,18,19,20,21,22,23,24,25,25A,26,27,28,28A,29,29A,30,31,32,33,34,35,36,38,40,42,44;VINNYTSIA 3;21003
Вінницька;;Вінниця;21003;провулок 1-й Франка;1,3,4,5/1,5/2,5/3,5/4,6/1,6/2,7,8,9,10;Вінниця 3;21003;Vinnytska;;Vinnytsia;21003;lane 1-i Franka;1,3,4,5/1,5/2,5/3,5/4,6/1,6/2,7,8,9,10;VINNYTSIA 3;21003
Вінницька;;Вінниця;21003;провулок 2-й Замковий;1,3,4,5,5/1,6,7,7/1,8,9,10,11,12,14,15,17,19,19/1,13,13/2;Вінниця 3;21003;Vinnytska;;Vinnytsia;21003;lane 2-i Zamkovyi;1,3,4,5,5/1,6,7,7/1,8,9,10,11,12,14,15,17,19,19/1,13,13/2;VINNYTSIA 3;21003
Вінницька;;Вінниця;21003;провулок 2-й Івана Франка;2,2/1,3,4,5,6,7,7/1,7/2,8,8/2,9,9/1,10,11,12,12/1,14,16,18,20,20/1;Вінниця 3;21003;Vinnytska;;Vinnytsia;21003;lane 2-i Ivana Franka;2,2/1,3,4,5,6,7,7/1,7/2,8,8/2,9,9/1,10,11,12,12/1,14,16,18,20,20/1;VINNYTSIA 3;21003
Вінницька;;Вінниця;21003;провулок 2-й Московський;1,2,3,3/1,3/2,4,5,5/2,6,7,7/2,8,8/1,8/2,9,10,11,12,13,14,14/2,16,16/1,16/2,18,20,22,24,26,28,28/1,28/2,30,32,34,36,38,40,42,42/2,44,46,48,53,15,17,19,21,21А,23,23А,25,25А,27,27А,29,31,33,33А,35,37,39,41,43,45,47,47А,49,61;Вінниця 3;21003;Vinnytska;;Vinnytsia;21003;lane 2-i Moskovskyi;1,2,3,3/1,3/2,4,5,5/2,6,7,7/2,8,8/1,8/2,9,10,11,12,13,14,14/2,16,16/1,16/2,18,20,22,24,26,28,28/1,28/2,30,32,34,36,38,40,42,42/2,44,46,48,53,15,17,19,21,21A,23,23A,25,25A,27,27A,29,31,33,33A,35,37,39,41,43,45,47,47A,49,61;VINNYTSIA 3;21003
Вінницька;;Вінниця;21003;провулок 2-й Северина Наливайка;2,3,4,5,6,6А,7,8,9,10,11,11А,12,13,14,15,16,18,22;Вінниця 3;21003;Vinnytska;;Vinnytsia;21003;lane 2-i Severyna Nalyvaika;2,3,4,5,6,6A,7,8,9,10,11,11A,12,13,14,15,16,18,22;VINNYTSIA 3;21003
Вінницька;;Вінниця;21003;провулок 8-БЕРЕЗНЯ;1,3,4,4А,5,6,6А,7,7А,8,8А,9,10,12,12А,14,16,16А,18,18А,20,20А,22,24,24А,32,34;Вінниця 3;21003;Vinnytska;;Vinnytsia;21003;lane 8-BEREZNYa;1,3,4,4A,5,6,6A,7,7A,8,8A,9,10,12,12A,14,16,16A,18,18A,20,20A,22,24,24A,32,34;VINNYTSIA 3;21003
Вінницька;;Вінниця;21003;провулок Дмитра Марковича;3,3/2,4,4/2,5,5/2,6,6/2,8,8/2,8/3,9,9/2,9/3,10,11,11/2,12,13,13/2,14,14/2,15,15/2;Вінниця 3;21003;Vinnytska;;Vinnytsia;21003;lane Dmytra Markovycha;3,3/2,4,4/2,5,5/2,6,6/2,8,8/2,8/3,9,9/2,9/3,10,11,11/2,12,13,13/2,14,14/2,15,15/2;VINNYTSIA 3;21003
Вінницька;;Вінниця;21003;провулок Люблянський;1,1А,2,3,4,6,8,10,12,14,16,18,20,22,24,26,28,30,32,34;Вінниця 3;21003;Vinnytska;;Vinnytsia;21003;lane Lyublianskyi;1,1A,2,3,4,6,8,10,12,14,16,18,20,22,24,26,28,30,32,34;VINNYTSIA 3;21003
Вінницька;;Вінниця;21003;провулок Лютневої революції;3,4,5/1,5/2,6,10,12,14,16,18/1,18/2,18/3,18/4,18/5,18/6,18Б,20А,22,24,24А,26А,28,30;Вінниця 3;21003;Vinnytska;;Vinnytsia;21003;lane Lyutnevoi revoliutsii;3,4,5/1,5/2,6,10,12,14,16,18/1,18/2,18/3,18/4,18/5,18/6,18B,20A,22,24,24A,26A,28,30;VINNYTSIA 3;21003
Вінницька;;Вінниця;21003;провулок Маяковського;2,3,4,5,6,7,8,9,9А,10,11,12,13,14,14/2,15,16,17,18,19,20,22,24,26,28,30,32,34,36,36/2,38,38/1,40,42;Вінниця 3;21003;Vinnytska;;Vinnytsia;21003;lane Maiakovskoho;2,3,4,5,6,7,8,9,9A,10,11,12,13,14,14/2,15,16,17,18,19,20,22,24,26,28,30,32,34,36,36/2,38,38/1,40,42;VINNYTSIA 3;21003
Вінницька;;Вінниця;21003;тупік Северина Наливайка;3,4,5,6,7,8,10,12,14;Вінниця 3;21003;Vinnytska;;Vinnytsia;21003;cul-de-sac Severyna Nalyvaika;3,4,5,6,7,8,10,12,14;VINNYTSIA 3;21003
Вінницька;;Вінниця;21003;узвіз Бузький;3,3/2,3/3,3/5,7,9,11,13,15,19,21,23,25,25/1,25/2,25/3,27,27/1,27/2,27/3,29,31,4,4/2,6,8,10,12,14,16,18,20/1,20/2,20/3,24,26/1,26/2,28,30,33;Вінниця 3;21003;Vinnytska;;Vinnytsia;21003;lowering Buzkyi;3,3/2,3/3,3/5,7,9,11,13,15,19,21,23,25,25/1,25/2,25/3,27,27/1,27/2,27/3,29,31,4,4/2,6,8,10,12,14,16,18,20/1,20/2,20/3,24,26/1,26/2,28,30,33;VINNYTSIA 3;21003
Вінницька;;Вінниця;21007;вулиця Академіка Янгеля;3,4,4А,4Б,4Д,4К,4Н,4Т,5,6,6А,6Ж,7,7А,8,9,10,15,25,27,33,12,16,18,20,24,32,36,38,39,40,41,42,43,51,30;Вінниця 7;21007;Vinnytska;;Vinnytsia;21007;street Akademika Yanhelia;3,4,4A,4B,4D,4K,4N,4T,5,6,6A,6ZH,7,7A,8,9,10,15,25,27,33,12,16,18,20,24,32,36,38,39,40,41,42,43,51,30;VINNYTSIA 7;21007
Вінницька;;Вінниця;21007;вулиця Батозька;1,2,3,4,5,6,7,8,10,12,14,16,21,1;Вінниця 7;21007;Vinnytska;;Vinnytsia;21007;street Batozka;1,2,3,4,5,6,7,8,10,12,14,16,21,1;VINNYTSIA 7;21007
Вінницька;;Вінниця;21007;вулиця Замостянська;4,6,8,1,3,5,7,9,11,12,14;Вінниця 7;21007;Vinnytska;;Vinnytsia;21007;street Zamostianska;4,6,8,1,3,5,7,9,11,12,14;VINNYTSIA 7;21007
Вінницька;;Вінниця;21007;вулиця Липовецька;6А;Вінниця 7;21007;Vinnytska;;Vinnytsia;21007;street Lypovetska;6A;VINNYTSIA 7;21007
Вінницька;;Вінниця;21007;вулиця Некрасова;2,5,7,9,11,13,13А,15,17,19,8,18,20,22,23,25,4,6;Вінниця 7;21007;Vinnytska;;Vinnytsia;21007;street Nekrasova;2,5,7,9,11,13,13A,15,17,19,8,18,20,22,23,25,4,6;VINNYTSIA 7;21007
Вінницька;;Вінниця;21007;вулиця Нечуя-Левицького;2А,2Б;Вінниця 7;21007;Vinnytska;;Vinnytsia;21007;street Nechuia-Levytskoho;2A,2B;VINNYTSIA 7;21007
Вінницька;;Вінниця;21007;вулиця Олександра Довженка;5,7,7А,9,10,11,12,14,15,16,3А;Вінниця 7;21007;Vinnytska;;Vinnytsia;21007;street Oleksandra Dovzhenka;5,7,7A,9,10,11,12,14,15,16,3A;VINNYTSIA 7;21007
Вінницька;;Вінниця;21007;вулиця Петра Запорожця;3,4,7,8,9,10,11,12,13,14,15,16,18,19,20А,21,26,28,34,38,40,42,46,46А,48,50,52,54,56;Вінниця 7;21007;Vinnytska;;Vinnytsia;21007;street Petra Zaporozhtsia;3,4,7,8,9,10,11,12,13,14,15,16,18,19,20A,21,26,28,34,38,40,42,46,46A,48,50,52,54,56;VINNYTSIA 7;21007
Вінницька;;Вінниця;21007;вулиця Стеценка;2,4,6,8,10,12,14,16,18,20,22,24;Вінниця 7;21007;Vinnytska;;Vinnytsia;21007;street Stetsenka;2,4,6,8,10,12,14,16,18,20,22,24;VINNYTSIA 7;21007
Вінницька;;Вінниця;21007;вулиця Стрілецька;60,62,64,65,66,69,71,74,75,77,79,81,83,85,85А,87,89,91,93,95,97,97А,101,107,16,16А,18,19,20,24,25,26,27,28,29,30,31,31А,32,32А,33,34,35,36,37,38,39,40,41,43,44,45,47,49,51,53,55,57,48,48А,50,54,56;Вінниця 7;21007;Vinnytska;;Vinnytsia;21007;street Striletska;60,62,64,65,66,69,71,74,75,77,79,81,83,85,85A,87,89,91,93,95,97,97A,101,107,16,16A,18,19,20,24,25,26,27,28,29,30,31,31A,32,32A,33,34,35,36,37,38,39,40,41,43,44,45,47,49,51,53,55,57,48,48A,50,54,56;VINNYTSIA 7;21007
Вінницька;;Вінниця;21007;вулиця Тімірязєва;2,3,3А,5;Вінниця 7;21007;Vinnytska;;Vinnytsia;21007;street Timiriazieva;2,3,3A,5;VINNYTSIA 7;21007
Вінницька;;Вінниця;21007;вулиця Тімірязєва;6,8,11,13,15,18,20,22;Вінниця 7;21007;Vinnytska;;Vinnytsia;21007;street Timiriazieva;6,8,11,13,15,18,20,22;VINNYTSIA 7;21007
Вінницька;;Вінниця;21007;провулок Литовський;3,5,6,7,8,9,10,11,13,17;Вінниця 7;21007;Vinnytska;;Vinnytsia;21007;lane Lytovskyi;3,5,6,7,8,9,10,11,13,17;VINNYTSIA 7;21007
Вінницька;;Вінниця;21008;вулиця 3-й Вишневського;1,2,2А,4,6,7,8,10,10А,12,14,16,17,18А,18Б,20,20А,22,23,24,26,27,28,29,30;Вінниця 8;21008;Vinnytska;;Vinnytsia;21008;street 3-i Vyshnevskoho;1,2,2A,4,6,7,8,10,10A,12,14,16,17,18A,18B,20,20A,22,23,24,26,27,28,29,30;VINNYTSIA 8;21008
Вінницька;;Вінниця;21008;вулиця Академічна;1,2,3,4,5,6,7,8,9,10,11,12,13,14,15,16,17,18,19,20,21,22,23,24,25,27,29,31,32,33,34,35,36,37,38,39,40,41,43,44,45,45А,45Б,46,47,48,49,51,52,54,56,56А,58,59,60;Вінниця 8;21008;Vinnytska;;Vinnytsia;21008;street Akademichna;1,2,3,4,5,6,7,8,9,10,11,12,13,14,15,16,17,18,19,20,21,22,23,24,25,27,29,31,32,33,34,35,36,37,38,39,40,41,43,44,45,45A,45B,46,47,48,49,51,52,54,56,56A,58,59,60;VINNYTSIA 8;21008
Вінницька;;Вінниця;21008;вулиця Вишенька;3,4,5,6,7,8,9,10,11,12,13,14,15,16,17,18,19,20,21,22,23,24,25,26,27,28,29,30,31,32,33,34,35,36,37,38,39,40,41,42,43,44,45,46,47,48,49,51,53,55,57,59,61,63;Вінниця 8;21008;Vinnytska;;Vinnytsia;21008;street Vyshenka;3,4,5,6,7,8,9,10,11,12,13,14,15,16,17,18,19,20,21,22,23,24,25,26,27,28,29,30,31,32,33,34,35,36,37,38,39,40,41,42,43,44,45,46,47,48,49,51,53,55,57,59,61,63;VINNYTSIA 8;21008
Вінницька;;Вінниця;21008;вулиця Вишневського;3,5,6,7,8,9,10,11,13,14,15,16,17,18,19,20,21,22,23,24,25,26,27,28,29,30,31,32,33,34,35,36,37,38,39,40,41,42,43,44,45,46,46А,47,49,51,53,55,57,59,61,63,63А,65;Вінниця 8;21008;Vinnytska;;Vinnytsia;21008;street Vyshnevskoho;3,5,6,7,8,9,10,11,13,14,15,16,17,18,19,20,21,22,23,24,25,26,27,28,29,30,31,32,33,34,35,36,37,38,39,40,41,42,43,44,45,46,46A,47,49,51,53,55,57,59,61,63,63A,65;VINNYTSIA 8;21008
Вінницька;;Вінниця;21008;вулиця Гагаріна;1,3,4,5,6,7,8,9,10,11,12,13,14,15,16,17,18,19,20,21,22,23,24,25,26,27,28,29,30,31,32,33,34,35,36,37,38,39,41,43,45,47,49,51,53,55;Вінниця 8;21008;Vinnytska;;Vinnytsia;21008;street Haharina;1,3,4,5,6,7,8,9,10,11,12,13,14,15,16,17,18,19,20,21,22,23,24,25,26,27,28,29,30,31,32,33,34,35,36,37,38,39,41,43,45,47,49,51,53,55;VINNYTSIA 8;21008
Вінницька;;Вінниця;21008;вулиця Гідротехнічна;2,3,4,5,6,7,8,9,10,11,12,13,14,15,16,17,18,19,20,21,22,23,24,25,26,27,28,29,30,31,32,33,34,35,36,37,38,39,40,41,42,43,44,45,46,47,48,49,50,51,52,53,54,55,56,57,58,59,60,61,62,63,64,65,66,67,68,69,70,71,72,73,74,75,76,77,78,79,80,81,82,83,84,85,86,87,88,89,90,91,92,93,94,95,96,97,98,99,100,101;Вінниця 8;21008;Vinnytska;;Vinnytsia;21008;street Hidrotekhnichna;2,3,4,5,6,7,8,9,10,11,12,13,14,15,16,17,18,19,20,21,22,23,24,25,26,27,28,29,30,31,32,33,34,35,36,37,38,39,40,41,42,43,44,45,46,47,48,49,50,51,52,53,54,55,56,57,58,59,60,61,62,63,64,65,66,67,68,69,70,71,72,73,74,75,76,77,78,79,80,81,82,83,84,85,86,87,88,89,90,91,92,93,94,95,96,97,98,99,100,101;VINNYTSIA 8;21008
Вінницька;;Вінниця;21008;вулиця Гніванське шосе;2,3,4,5,7,9,13;Вінниця 8;21008;Vinnytska;;Vinnytsia;21008;street Hnivanske shose;2,3,4,5,7,9,13;VINNYTSIA 8;21008
Вінницька;;Вінниця;21008;вулиця Загребельного;3,5,7,9,11,13,15,17,19,21,23,25,27,29,31,33,35,37,39,41,43,45,47;Вінниця 8;21008;Vinnytska;;Vinnytsia;21008;street Zahrebelnoho;3,5,7,9,11,13,15,17,19,21,23,25,27,29,31,33,35,37,39,41,43,45,47;VINNYTSIA 8;21008
Вінницька;;Вінниця;21008;вулиця Івана Франка;1,1А,2,4,6,8,9,10,13,19,21,34,36;Вінниця 8;21008;Vinnytska;;Vinnytsia;21008;street Ivana Franka;1,1A,2,4,6,8,9,10,13,19,21,34,36;VINNYTSIA 8;21008
Вінницька;;Вінниця;21008;вулиця Квітнева;1,3,4,5,6,7,8,9,10,11,13,14,15,16,17,18,19,20,21,22,23,24,25,26,27,28,29,30,31,32,33,35,36,37,38,39,40,41,42,43,44,45,46,47,48,49,50,51,52,53,54,55,56,57,58,59,60,61,62,63,64,66,70,72,74,76,78;Вінниця 8;21008;Vinnytska;;Vinnytsia;21008;street Kvitneva;1,3,4,5,6,7,8,9,10,11,13,14,15,16,17,18,19,20,21,22,23,24,25,26,27,28,29,30,31,32,33,35,36,37,38,39,40,41,42,43,44,45,46,47,48,49,50,51,52,53,54,55,56,57,58,59,60,61,62,63,64,66,70,72,74,76,78;VINNYTSIA 8;21008
Вінницька;;Вінниця;21008;вулиця Козацька;1А,2А,4А,5А,6А,8А,10А,14А,15А,17А,18А,19А,21А,22А,24А,26А,28А,29А,30А,32А,34А,36А,38А,40А,42А,44А,45А,46А,48А,54А,58А,60А,60Б,62А,64А,64А,72А,74А,76А,78А,80А,82А,84А,86А,90А,92А,94А,100А,102А,110А,114А,154А;Вінниця 8;21008;Vinnytska;;Vinnytsia;21008;street Kozatska;1A,2A,4A,5A,6A,8A,10A,14A,15A,17A,18A,19A,21A,22A,24A,26A,28A,29A,30A,32A,34A,36A,38A,40A,42A,44A,45A,46A,48A,54A,58A,60A,60B,62A,64A,64A,72A,74A,76A,78A,80A,82A,84A,86A,90A,92A,94A,100A,102A,110A,114A,154A;VINNYTSIA 8;21008
Вінницька;;Вінниця;21008;вулиця Комарова;1,2,3,4,5,6,7,8,9,10,11,11А,12,13,14,15,16,17,18,19,20,21,22,23,23А,24,25,26,27,28,29,30,31,32,33,34,34Б,35,36,37,38,39,39А,40,41,42,43,44,45,46,47,48,49,50,51,52,53,54А,55,55А,55Б,54,55,56,57,58,60,62,62/2,64,64А,64Б,66,68,70,72,74,76,78,80,82,84,84А,86,114,88,90,92,94,96,98,98А,98Б,100,102,104,106,108,110,110/2,112,114,114А;Вінниця 8;21008;Vinnytska;;Vinnytsia;21008;street Komarova;1,2,3,4,5,6,7,8,9,10,11,11A,12,13,14,15,16,17,18,19,20,21,22,23,23A,24,25,26,27,28,29,30,31,32,33,34,34B,35,36,37,38,39,39A,40,41,42,43,44,45,46,47,48,49,50,51,52,53,54A,55,55A,55B,54,55,56,57,58,60,62,62/2,64,64A,64B,66,68,70,72,74,76,78,80,82,84,84A,86,114,88,90,92,94,96,98,98A,98B,100,102,104,106,108,110,110/2,112,114,114A;VINNYTSIA 8;21008
Вінницька;;Вінниця;21008;вулиця Корольова;1,2,3,4,5,6,7,8,9,10,11,12,13,14,15,16,17,18,19,20,21,22,23,24,25,26,27,28,29,30,31,32,33,34,35,36,37,38,39,40,41,42,43,44,45,46,47,48,49,50,51,52,53,54,55,56,57,58,59,60,61,62,63,64,65,66,67,68,69,70,71,72,73,74,75,76,77,78,79,80,81,82,83,84,85,86,87,88,89,90,91,92,93,94,95,96,97,98,99,100,101,102,103,104,105,106,107,108,109,110,111,112,113,114,115,116,117,118,119,120,122,124,126,128,130,132,136,138,140,142,144,146,148,150,152,154,172;Вінниця 8;21008;Vinnytska;;Vinnytsia;21008;street Korolova;1,2,3,4,5,6,7,8,9,10,11,12,13,14,15,16,17,18,19,20,21,22,23,24,25,26,27,28,29,30,31,32,33,34,35,36,37,38,39,40,41,42,43,44,45,46,47,48,49,50,51,52,53,54,55,56,57,58,59,60,61,62,63,64,65,66,67,68,69,70,71,72,73,74,75,76,77,78,79,80,81,82,83,84,85,86,87,88,89,90,91,92,93,94,95,96,97,98,99,100,101,102,103,104,105,106,107,108,109,110,111,112,113,114,115,116,117,118,119,120,122,124,126,128,130,132,136,138,140,142,144,146,148,150,152,154,172;VINNYTSIA 8;21008
Вінницька;;Вінниця;21008;вулиця Миколаївська;3,4,4А,5,6,7,9,10,11,12,13,14,15,16,17,19,20,22,24,26;Вінниця 8;21008;Vinnytska;;Vinnytsia;21008;street Mykolaivska;3,4,4A,5,6,7,9,10,11,12,13,14,15,16,17,19,20,22,24,26;VINNYTSIA 8;21008
Вінницька;;Вінниця;21008;вулиця Олеся Гончара;1,2,3,4,5,6,7,8,9,10,11,12,13,14,15,16,17,18,19,19А,20,21,22,23,24,25,26,27,28,29,30,31,32,34,35,36,36А,37,38,39,40,41,43,44,45,46,47,48,49,50,51,53,54,55,56,57,57А,57Б,58,60,62,63,64,65,66,67,68,69,70,71,72,73,74,75,76,77,78,79,80,81,82,83,84,85,86,87,88,89,90,91,92,93,94,95,96,97,98,99,100,101,102,103,104,105,106,107,108,109,110,111,112,113,114,115,116,117,118,119,120,121,122,123,124,125,126,127,128,128А,129,130,130А,131,132,133,134,135,136,137,138,139,140,141,142,143,144,145,146,147,148,149,150,151,152,153,154,155,156,157,158,159,160,161,162,163,164,165,166,167,168,169,170,172,174,176,178;Вінниця 8;21008;Vinnytska;;Vinnytsia;21008;street Olesia Honchara;1,2,3,4,5,6,7,8,9,10,11,12,13,14,15,16,17,18,19,19A,20,21,22,23,24,25,26,27,28,29,30,31,32,34,35,36,36A,37,38,39,40,41,43,44,45,46,47,48,49,50,51,53,54,55,56,57,57A,57B,58,60,62,63,64,65,66,67,68,69,70,71,72,73,74,75,76,77,78,79,80,81,82,83,84,85,86,87,88,89,90,91,92,93,94,95,96,97,98,99,100,101,102,103,104,105,106,107,108,109,110,111,112,113,114,115,116,117,118,119,120,121,122,123,124,125,126,127,128,128A,129,130,130A,131,132,133,134,135,136,137,138,139,140,141,142,143,144,145,146,147,148,149,150,151,152,153,154,155,156,157,158,159,160,161,162,163,164,165,166,167,168,169,170,172,174,176,178;VINNYTSIA 8;21008
Вінницька;;Вінниця;21008;вулиця Пирогова;155,157,159,161,163,165,167,169,171,173,175,176,177,179,178,180,181,182,183,184,185,186,187,188,189,190,191,192,193,194,195,196,197,198,199,200,201,202,203,204,205,206,208,210,212,214,216,218,220,222,224,226,228,230,232,234,236,238,240,242,244,246,248,250,252,254,256,258,260,262,264,266,268,270,272,274,276,278,280,282,284,286,288,290,292,294,296,298,300,302,304,306,308,310,312,314,316,318,320,322,324,326,328,330,332,334,336,338,340,342,344,346,348,350,352,354,356,358,360,360А,151Б,151Д,151Ж,157,161,161А;Вінниця 8;21008;Vinnytska;;Vinnytsia;21008;street Pyrohova;155,157,159,161,163,165,167,169,171,173,175,176,177,179,178,180,181,182,183,184,185,186,187,188,189,190,191,192,193,194,195,196,197,198,199,200,201,202,203,204,205,206,208,210,212,214,216,218,220,222,224,226,228,230,232,234,236,238,240,242,244,246,248,250,252,254,256,258,260,262,264,266,268,270,272,274,276,278,280,282,284,286,288,290,292,294,296,298,300,302,304,306,308,310,312,314,316,318,320,322,324,326,328,330,332,334,336,338,340,342,344,346,348,350,352,354,356,358,360,360A,151B,151D,151ZH,157,161,161A;VINNYTSIA 8;21008
Вінницька;;Вінниця;21008;вулиця Подільська;6А,7,8,12А,14А,16А,18А,20,22А,24А,26Б,30А,30Б,36,36Б,42Б,44Б,46А,48А,54,54Б,58А,60А,62Б,68А,70А,70Б,72,72А,72В,74А,76,76А,76Б,78А,80,82А,82Б,84Б,86А,90В;Вінниця 8;21008;Vinnytska;;Vinnytsia;21008;street Podilska;6A,7,8,12A,14A,16A,18A,20,22A,24A,26B,30A,30B,36,36B,42B,44B,46A,48A,54,54B,58A,60A,62B,68A,70A,70B,72,72A,72V,74A,76,76A,76B,78A,80,82A,82B,84B,86A,90V;VINNYTSIA 8;21008
Вінницька;;Вінниця;21008;вулиця Сонячна;1,2,3,5,7,9,11,13,15;Вінниця 8;21008;Vinnytska;;Vinnytsia;21008;street Soniachna;1,2,3,5,7,9,11,13,15;VINNYTSIA 8;21008
Вінницька;;Вінниця;21008;вулиця Ярослава Мудрого;4,5,6,7,8,9,10,11,12,13,14,15,16,17,18,19,20,21,22,23,24,25,26,27,28,29,30,31,32,33,34,35,36,37,38,39,40,41,42,43,44,45,46,47,48,49,51,53,55,57,58,59,60,61,71,73,75;Вінниця 8;21008;Vinnytska;;Vinnytsia;21008;street Yaroslava Mudroho;4,5,6,7,8,9,10,11,12,13,14,15,16,17,18,19,20,21,22,23,24,25,26,27,28,29,30,31,32,33,34,35,36,37,38,39,40,41,42,43,44,45,46,47,48,49,51,53,55,57,58,59,60,61,71,73,75;VINNYTSIA 8;21008
Вінницька;;Вінниця;21008;провулок 1-й Вишневського;3,4,5,12,13,14,15,16;Вінниця 8;21008;Vinnytska;;Vinnytsia;21008;lane 1-i Vyshnevskoho;3,4,5,12,13,14,15,16;VINNYTSIA 8;21008
Вінницька;;Вінниця;21008;провулок 1-й Гніванське шосе;9,9А,11,13,17,18,19,21,22,23,24,27,27А,28,29,30,31,32;Вінниця 8;21008;Vinnytska;;Vinnytsia;21008;lane 1-i Hnivanske shose;9,9A,11,13,17,18,19,21,22,23,24,27,27A,28,29,30,31,32;VINNYTSIA 8;21008
Вінницька;;Вінниця;21008;провулок 1-й Івана Франка;1,2,4;Вінниця 8;21008;Vinnytska;;Vinnytsia;21008;lane 1-i  Ivana Franka;1,2,4;VINNYTSIA 8;21008
Вінницька;;Вінниця;21008;провулок 1-й Комарова;4,6,8,10,10А,12,12А;Вінниця 8;21008;Vinnytska;;Vinnytsia;21008;lane 1-i Komarova;4,6,8,10,10A,12,12A;VINNYTSIA 8;21008
Вінницька;;Вінниця;21008;провулок 1-й Корольова;3,4,5,6,7,8,9,10,11,12,14,16,17,18,19,20,21,22,23,24,25,27,27А;Вінниця 8;21008;Vinnytska;;Vinnytsia;21008;lane 1-i Korolova;3,4,5,6,7,8,9,10,11,12,14,16,17,18,19,20,21,22,23,24,25,27,27A;VINNYTSIA 8;21008
Вінницька;;Вінниця;21008;провулок 1-й Подільський;12А,14А,16А,22А,27А;Вінниця 8;21008;Vinnytska;;Vinnytsia;21008;lane 1-i Podilskyi;12A,14A,16A,22A,27A;VINNYTSIA 8;21008
Вінницька;;Вінниця;21008;провулок 2-й Вишневського;3,4,5,6,7,8,8А,9,10,11,11А,12,12/2,13,14,15,17;Вінниця 8;21008;Vinnytska;;Vinnytsia;21008;lane 2-i Vyshnevskoho;3,4,5,6,7,8,8A,9,10,11,11A,12,12/2,13,14,15,17;VINNYTSIA 8;21008
Вінницька;;Вінниця;21008;провулок 2-й Гніванське шосе;33,33А,34,35,36,37,40,41,42,43,45,46,48,49,50,51,52,53,54,54А,55,56,57,58,59;Вінниця 8;21008;Vinnytska;;Vinnytsia;21008;lane 2-i Hnivanske shose;33,33A,34,35,36,37,40,41,42,43,45,46,48,49,50,51,52,53,54,54A,55,56,57,58,59;VINNYTSIA 8;21008
Вінницька;;Вінниця;21008;провулок 2-й Корольова;3,5,7,4,6,8,10,10А,12,14,16,18,18А,18Б,20,22,24;Вінниця 8;21008;Vinnytska;;Vinnytsia;21008;lane 2-i Korolova;3,5,7,4,6,8,10,10A,12,14,16,18,18A,18B,20,22,24;VINNYTSIA 8;21008
